,stops,boardings,alightings
58,MEDICAL CENTER STATION  & BAY D,14494,13183
124,ROCKVILLE STATION  & BAY A - WEST,13501,12847
43,GERMANTOWN TRANSIT CENTER  & BAY B,14600,11217
145,SHADY GROVE STATION  & BAY C - EAST,6436,10683
128,S CAMPUS DR & CAMPUS DR,14945,10618
157,TWINBROOK STATION  & BAY A - WEST,7766,7629
144,SHADY GROVE STATION  & BAY A - WEST,6221,6848
125,ROCKVILLE STATION  & BAY B - WEST,8059,6230
51,LAKEFOREST TRANSIT CENTER  & ODENDH,6108,6228
89,ROCKVILLE PIKE & EDMONSTON DR,4022,4355
101,ROCKVILLE PIKE & MARINELLI RD,5205,4184
151,SHAKESPEARE BLVD & OBSERVATION DR,2596,3553
158,UNKNOWN,2018,2782
87,ROCKVILLE PIKE & CONGRESSIONAL LN,2258,2734
47,HUNGERFORD DR & FREDERICK AVE,2082,2595
77,ODENDHAL AVE & FREDERICK AVE,2148,2412
83,ROCKVILLE PIKE & BOU AVE,2195,2143
112,ROCKVILLE PIKE & ROLLINS AVE,958,2071
110,ROCKVILLE PIKE & RANDOLPH RD,2183,1984
24,FREDERICK RD & GUNNERS BRANCH RD,1342,1720
149,SHAKESPEARE BLVD & FREDERICK RD,221,1654
120,ROCKVILLE PIKE & TUCKERMAN LN,2720,1599
99,ROCKVILLE PIKE & HUBBARD DR,588,1584
68,N WASHINGTON ST & BEALL AVE,1415,1534
117,ROCKVILLE PIKE & TALBOTT ST,1000,1532
44,GROSVENOR STATION  & BAY E,417,1515
59,MONROE ST & MONROE PL,1492,1462
118,ROCKVILLE PIKE & TEMPLETON PL,1405,1422
69,N WASHINGTON ST & DAWSON AVE,1608,1413
109,ROCKVILLE PIKE & POOKS HILL RD,1492,1290
113,ROCKVILLE PIKE & ROSE AVE,189,1203
70,N WASHINGTON ST & MARTINS LN,1146,1173
45,HALPINE RD & ROCKVILLE PIKE,62,1053
102,ROCKVILLE PIKE & MT VERNON PL,792,979
84,ROCKVILLE PIKE & BOUIC AVE,1073,937
37,FREDERICK RD & SHADY GROVE RD,955,903
57,MANNAKEE ST & HUNGERFORD DR,478,883
133,S FREDERICK AVE & EDUCATION BLVD,1297,881
150,SHAKESPEARE BLVD & MILESTONE PARK &,364,879
74,OBSERVATION DR & MONTGOMERY COLLEGE,1559,867
91,ROCKVILLE PIKE & EXECUTIVE BLVD,522,860
92,ROCKVILLE PIKE & FIRST ST,508,818
4,CHRISTOPHER AVE & MONTGOMERY VILLAG,935,804
96,ROCKVILLE PIKE & HALPINE RD,2555,799
139,S FREDERICK AVE & SUMMIT AVE,1348,793
104,ROCKVILLE PIKE & NICHOLSON LN,659,784
105,ROCKVILLE PIKE & NORTH DR,29,762
18,FREDERICK RD & APPLEDOWRE WAY,998,737
20,FREDERICK RD & COLLEGE PKWY,595,722
108,ROCKVILLE PIKE & PIKE CENTER,701,716
60,N FREDERICK AVE & BROOKS AVE,633,701
123,ROCKVILLE PIKE & WOOTTON PKWY,855,697
78,ODENDHAL AVE & RUSSELL AVE,497,682
153,TRAVIS AVE & TRAVIS LN,839,677
71,N WASHINGTON ST & MIDDLE LN,561,658
114,ROCKVILLE PIKE & SECURITY LN,987,636
64,N FREDERICK AVE & PROFESSIONAL DR,473,635
32,FREDERICK RD & OXBRIDGE DR,634,631
5,CHRISTOPHER AVE & RUSSELL AVE,613,622
36,FREDERICK RD & SCENERY DR,468,617
63,N FREDERICK AVE & MONTGOMERY AVE,532,612
29,FREDERICK RD & MIDDLEBROOK RD,561,608
6,CHRISTOPHER AVE & VILLAGE OVERLOOK,207,602
34,FREDERICK RD & REDLAND RD,370,591
53,LOST KNIFE RD & CONTOUR RD,184,586
138,S FREDERICK AVE & S WESTLAND DR,657,575
119,ROCKVILLE PIKE & THOMPSON AVE,310,561
154,TRAVIS AVE & TRAVIS VIEW CT,320,525
129,S FREDERICK AVE & CEDAR AVE,448,492
103,ROCKVILLE PIKE & NEW ST,313,490
79,ROCKVILLE PIKE & @1001,1057,490
137,S FREDERICK AVE & ROSEMONT DR,128,485
134,S FREDERICK AVE & FULKS CORNER AVE,532,438
88,ROCKVILLE PIKE & COUNTRY CLUB RD,205,421
22,FREDERICK RD & GERMANTOWN RD,343,418
14,E MIDDLE LN & WASHINGTON ST,14,411
122,ROCKVILLE PIKE & WOODMONT STATION,447,407
33,FREDERICK RD & PLUMMER DR,534,384
7,CONTOUR RD & HORIZON RUN RD,374,375
54,LOST KNIFE RD & MONTGOMERY VILLAGE,386,364
55,MANNAKEE ST & CAMPUS (E) DR,69,359
61,N FREDERICK AVE & CHESTNUT ST,363,350
131,S FREDERICK AVE & DEER PARK DR,707,345
107,ROCKVILLE PIKE & OLD GEORGETOWN RD,959,343
67,N FREDERICK RD & GUNNERS BRANCH RD,788,319
66,N FREDERICK AVE & WHETSTONE DR,268,314
11,E JEFFERSON ST & MARYLAND AVE,225,312
97,ROCKVILLE PIKE & HILLERY WAY,49,304
3,CHRISTOPHER AVE & HELLINGLY PL,248,298
142,S WASHINGTON ST & COURT HOUSE SQ,34,294
135,S FREDERICK AVE & N WESTLAND DR,719,294
52,LOST KNIFE RD & CIDER MILL APTS,696,282
156,TUCKERMAN LN & ROCKVILLE PIKE,11,281
28,FREDERICK RD & MAGNOLIA DR,60,280
62,N FREDERICK AVE & MARYLAND AVE,278,267
116,ROCKVILLE PIKE & STRATHMORE AVE,206,255
141,S FREDERICK AVE & WESTLAND DR,221,253
111,ROCKVILLE PIKE & RICHARD MONTGOMERY,1164,245
13,E MIDDLE LN & MONROE ST,374,241
98,ROCKVILLE PIKE & HOYA ST,592,235
23,FREDERICK RD & GUDE DR,184,209
148,SHAKESPEARE BLVD & ETON MANOR DR,831,205
81,ROCKVILLE PIKE & BELLEVUE DR,54,198
127,RUSSELL AVE & WATKINS MILL RD,191,193
35,FREDERICK RD & RIDGEMONT AVE,83,192
17,FREDERICK RD & @20010,350,189
155,TRAVIS AVE & WATKINS MILL RD,203,188
94,ROCKVILLE PIKE & GROSVENOR LN,159,181
27,FREDERICK RD & INDIANOLA DR,87,180
132,S FREDERICK AVE & DEER PARK RD,466,169
75,OBSERVATION DR & OBSERVATION CT,237,162
8,CONTOUR RD & LOST KNIFE RD,550,160
9,CONTOUR RD & ODENDHAL AVE,280,159
147,SHAKESPEARE BLVD & AMBER RIDGE DR,379,156
10,CONTOUR RD & TUNSTALL DR,253,154
1,CHRISTOPHER AVE & FEATHERTREE WAY,362,148
86,ROCKVILLE PIKE & CEDAR LN,268,148
65,N FREDERICK AVE & TRAVIS AVE,98,142
136,S FREDERICK AVE & O'NEILL DR,119,134
160,WATKINS MILL RD & TRAVIS LN,236,123
25,FREDERICK RD & GUNNERS DR,73,118
85,ROCKVILLE PIKE & BROAD BROOK DR,29,113
30,FREDERICK RD & MIDWAY CENTER,127,107
40,FREDERICK RD & WHEATFIELD DR,120,98
93,ROCKVILLE PIKE & FLANDERS AVE,79,97
82,ROCKVILLE PIKE & BETH MED PRK DR,369,96
26,FREDERICK RD & HIGH POINT DR,118,94
126,RUSSELL AVE & CHRISTOPHER AVE,57,91
146,SHADYGROVE METRO LOT  & METRO LOT,9,91
80,ROCKVILLE PIKE & ALTA VISTA RD,161,88
152,SOMERVILLE DR & REDLAND RD,94,86
143,S WASHINGTON ST & MONTGOMERY AVE,221,85
159,WATKINS MILL RD & TRAVIS AVE,165,83
50,KING FARM BLVD & FREDERICK RD,21,82
49,HUNGERFORD DR & N CAMPUS DR,119,82
42,GERMANTOWN RD & OBSERVATION DR,111,74
2,CHRISTOPHER AVE & GALLOP HILL RD,569,74
72,OBSERVATION DR & @20457 (SENECA MEA,46,74
73,OBSERVATION DR & BOLAND FARM RD,116,70
39,FREDERICK RD & WATKINS POND BLVD,84,67
121,ROCKVILLE PIKE & WICKSHIRE WAY,86,67
130,S FREDERICK AVE & CENTRAL AVE,119,63
12,E MIDDLE LN & MARYLAND AVE,495,63
31,FREDERICK RD & NEELSVILLE CHURCH RD,38,57
19,FREDERICK RD & ARCHDALE RD,313,56
15,FREDERICK RD & @15,3,55
48,HUNGERFORD DR & MANNAKEE ST,99,55
90,ROCKVILLE PIKE & ELSMERE AVE,79,53
76,OBSERVATION DR & PANTHER RIDGE DR,106,49
16,FREDERICK RD & @15501,54,40
41,GERMANTOWN RD & GOLDENROD LN,36,34
140,S FREDERICK AVE & VIRGINIA DR,51,32
38,FREDERICK RD & SHAKESPEARE BLVD,197,30
21,FREDERICK RD & COLLINS DR,41,23
95,ROCKVILLE PIKE & GROSVENOR STATION,27,17
56,MANNAKEE ST & CAMPUS DR,119,16
115,ROCKVILLE PIKE & SOUTH WOOD RD,341,16
106,ROCKVILLE PIKE & NORTH WOOD DR,365,15
0,CHAPMAN AVE & BOUIC AVE,4,14
100,ROCKVILLE PIKE & LOCUST HILL RD,9,11
46,HUNGERFORD DR & @700,4,1
